series_id,indicator_name,source
NY.GDP.MKTP.CD,GDP (current US$),worldbank
NY.GDP.MKTP.KD.ZG,GDP growth (annual %),worldbank
NY.GDP.PCAP.CD,GDP per capita (current US$),worldbank
SL.UEM.TOTL.ZS,"Unemployment, total (% of labour force)",worldbank
NE.TRD.GNFS.ZS,Trade (% of GDP),worldbank
BX.KLT.DINV.WD.GD.ZS,"Foreign direct investment, net inflows (% of GDP)",worldbank
SP.POP.TOTL,"Population, total",worldbank
SP.URB.TOTL.IN.ZS,Urban population (% of total population),worldbank
SP.POP.DPND,Age dependency ratio (% of working-age population),worldbank
PCPIPCH,"Inflation, average consumer prices (annual %)",imf
GGXWDG_NGDP,General government gross debt (% of GDP),imf
GGXCNL_NGDP,Government net lending/borrowing (% of GDP),imf
BCA_NGDPD,Current account balance (% of GDP),imf
hdi,Human Development Index (value),undp
le,Life Expectancy at Birth (years),undp
mys,Mean Years of Schooling (years),undp
eys,Expected Years of Schooling (years),undp
gnipc,Gross National Income Per Capita (2021 PPP$),undp